team_slug,player_slug,player_name,wikidata_id,commons_file,image_url,license,attribution,local_path,storage_path,status,notes
mexico,guillermo-ochoa,Guillermo Ochoa,Q215522,Mex-Kor (1) (cropped).jpg,https://upload.wikimedia.org/wikipedia/commons/2/2f/Mex-Kor_%281%29_%28cropped%29.jpg?utm_source=commons.wikimedia.org&utm_campaign=imageinfo&utm_content=original,,Wikimedia Commons metadata review required,assets/worldcup-assets/players/mexico/guillermo-ochoa.webp,players/mexico/guillermo-ochoa.webp,downloaded,
mexico,raul-rangel,Raúl Rangel,Q13487258,III Campeonato Nacional Abierto de México.jpg,https://upload.wikimedia.org/wikipedia/commons/0/0d/III_Campeonato_Nacional_Abierto_de_M%C3%A9xico.jpg?utm_source=commons.wikimedia.org&utm_campaign=imageinfo&utm_content=original,,Wikimedia Commons metadata review required,assets/worldcup-assets/players/mexico/raul-rangel.webp,players/mexico/raul-rangel.webp,downloaded,
mexico,carlos-acevedo,Carlos Acevedo,Q26707107,,,,,,,no_image,
mexico,jose-antonio-rodriguez,José Antonio Rodríguez,Q2481249,,,,,,,no_image,
mexico,carlos-moreno,Carlos Moreno,Q21856215,,,,,,,no_image,
mexico,alex-padilla,Alex Padilla,Q115110260,,,,,,,no_image,
mexico,jesus-gallardo,Jesús Gallardo,Q22092356,Mex-Kor (45).jpg,https://upload.wikimedia.org/wikipedia/commons/f/fc/Mex-Kor_%2845%29.jpg?utm_source=commons.wikimedia.org&utm_campaign=imageinfo&utm_content=original,,Wikimedia Commons metadata review required,assets/worldcup-assets/players/mexico/jesus-gallardo.webp,players/mexico/jesus-gallardo.webp,uploaded,
mexico,cesar-montes,César Montes,,,,,,,,no_image,
mexico,jorge-sanchez,Jorge Sánchez,,,,,,,,no_image,
mexico,johan-vasquez,Johan Vásquez,,,,,,,,no_image,
mexico,israel-reyes,Israel Reyes,,,,,,,,no_image,
mexico,jesus-alberto-angulo,Jesús Alberto Angulo,,,,,,,,no_image,
mexico,julian-araujo,Julián Araujo,,,,,,,,no_image,
mexico,mateo-chavez,Mateo Chávez,,,,,,,,no_image,
mexico,victor-guzman,Víctor Guzmán,,,,,,,,no_image,
mexico,richard-ledezma,Richard Ledezma,,,,,,,,no_image,
mexico,everardo-lopez,Everardo López,,,,,,,,no_image,
mexico,denzell-garcia,Denzell García,,,,,,,,no_image,
mexico,bryan-gonzalez,Bryan González,,,,,,,,no_image,
mexico,ramon-juarez,Ramón Juárez,,,,,,,,no_image,
mexico,eduardo-aguila,Eduardo Águila,,,,,,,,no_image,
mexico,alejandro-gomez,Alejandro Gómez,,,,,,,,no_image,
mexico,luis-rey,Luis Rey,,,,,,,,no_image,
mexico,edson-alvarez-captain,Edson Álvarez ( captain ),,,,,,,,no_image,
mexico,orbelin-pineda,Orbelín Pineda,,,,,,,,no_image,
mexico,carlos-rodriguez,Carlos Rodríguez,,,,,,,,no_image,
mexico,roberto-alvarado,Roberto Alvarado,,,,,,,,no_image,
mexico,luis-romo,Luis Romo,,,,,,,,no_image,
mexico,luis-chavez,Luis Chávez,,,,,,,,no_image,
mexico,erick-sanchez,Érick Sánchez,,,,,,,,no_image,
mexico,diego-lainez,Diego Lainez,,,,,,,,no_image,
mexico,erik-lira,Érik Lira,,,,,,,,no_image,
mexico,marcel-ruiz,Marcel Ruiz,,,,,,,,no_image,
mexico,efrain-alvarez,Efraín Álvarez,,,,,,,,no_image,
mexico,brian-gutierrez,Brian Gutiérrez,,,,,,,,no_image,
mexico,alexis-gutierrez,Alexis Gutiérrez,,,,,,,,no_image,
mexico,gilberto-mora,Gilberto Mora,,,,,,,,no_image,
mexico,obed-vargas,Obed Vargas,,,,,,,,no_image,
mexico,jesus-ricardo-angulo,Jesús Ricardo Angulo,,,,,,,,no_image,
mexico,jordan-carrillo,Jordán Carrillo,,,,,,,,no_image,
mexico,kevin-castaneda,Kevin Castañeda,,,,,,,,no_image,
mexico,alvaro-fidalgo,Álvaro Fidalgo,,,,,,,,no_image,
mexico,jorge-ruvalcaba,Jorge Ruvalcaba,,,,,,,,no_image,
mexico,alexei-dominguez,Alexéi Domínguez,,,,,,,,no_image,
mexico,jeremy-marquez,Jeremy Márquez,,,,,,,,no_image,
mexico,elias-montiel,Elías Montiel,,,,,,,,no_image,
mexico,isaias-violante,Isaías Violante,,,,,,,,no_image,
mexico,raul-jimenez,Raúl Jiménez,,,,,,,,no_image,
mexico,alexis-vega,Alexis Vega,,,,,,,,no_image,
mexico,santiago-gimenez,Santiago Giménez,,,,,,,,no_image,
mexico,cesar-huerta,César Huerta,,,,,,,,no_image,
mexico,julian-quinones,Julián Quiñones,,,,,,,,no_image,
mexico,german-berterame,Germán Berterame,,,,,,,,no_image,
mexico,guillermo-martinez,Guillermo Martínez,,,,,,,,no_image,
mexico,armando-gonzalez,Armando González,,,,,,,,no_image,
south-korea,kim-seung-gyu,Kim Seung-gyu,,,,,,,,no_image,
south-korea,jo-hyeon-woo,Jo Hyeon-woo,,,,,,,,no_image,
south-korea,song-bum-keun,Song Bum-keun,,,,,,,,no_image,
south-korea,kim-min-jae,Kim Min-jae,,,,,,,,no_image,
south-korea,kim-moon-hwan,Kim Moon-hwan,,,,,,,,no_image,
south-korea,seol-young-woo,Seol Young-woo,,,,,,,,no_image,
south-korea,cho-yu-min,Cho Yu-min,,,,,,,,no_image,
south-korea,lee-tae-seok,Lee Tae-seok,,,,,,,,no_image,
south-korea,park-jin-seob,Park Jin-seob,,,,,,,,no_image,
south-korea,kim-tae-hyeon,Kim Tae-hyeon,,,,,,,,no_image,
south-korea,lee-han-beom,Lee Han-beom,,,,,,,,no_image,
south-korea,jens-castrop,Jens Castrop,,,,,,,,no_image,
south-korea,lee-ki-hyuk,Lee Ki-hyuk,,,,,,,,no_image,
south-korea,lee-jae-sung,Lee Jae-sung,,,,,,,,no_image,
south-korea,hwang-hee-chan,Hwang Hee-chan,,,,,,,,no_image,
south-korea,hwang-in-beom,Hwang In-beom,,,,,,,,no_image,
south-korea,lee-kang-in,Lee Kang-in,,,,,,,,no_image,
south-korea,paik-seung-ho,Paik Seung-ho,,,,,,,,no_image,
south-korea,kim-jin-gyu,Kim Jin-gyu,Q483070,,,,,,,no_image,
south-korea,lee-dong-gyeong,Lee Dong-gyeong,Q62961021,250303 FC 서울 vs 김천 (이동경).jpg,https://upload.wikimedia.org/wikipedia/commons/1/1e/250303_FC_%EC%84%9C%EC%9A%B8_vs_%EA%B9%80%EC%B2%9C_%28%EC%9D%B4%EB%8F%99%EA%B2%BD%29.jpg?utm_source=commons.wikimedia.org&utm_campaign=imageinfo&utm_content=original,,Wikimedia Commons metadata review required,assets/worldcup-assets/players/south-korea/lee-dong-gyeong.webp,players/south-korea/lee-dong-gyeong.webp,downloaded,
south-korea,bae-jun-ho,Bae Jun-ho,Q118978780,배준호vs FC 서울.jpg,https://upload.wikimedia.org/wikipedia/commons/6/63/%EB%B0%B0%EC%A4%80%ED%98%B8vs_FC_%EC%84%9C%EC%9A%B8.jpg?utm_source=commons.wikimedia.org&utm_campaign=imageinfo&utm_content=original,,Wikimedia Commons metadata review required,assets/worldcup-assets/players/south-korea/bae-jun-ho.webp,players/south-korea/bae-jun-ho.webp,downloaded,
south-korea,eom-ji-sung,Eom Ji-sung,Q105896342,230917 FC 서울 vs 광주 FC (엄지성).jpg,https://upload.wikimedia.org/wikipedia/commons/7/7f/230917_FC_%EC%84%9C%EC%9A%B8_vs_%EA%B4%91%EC%A3%BC_FC_%28%EC%97%84%EC%A7%80%EC%84%B1%29.jpg?utm_source=commons.wikimedia.org&utm_campaign=imageinfo&utm_content=original,,Wikimedia Commons metadata review required,assets/worldcup-assets/players/south-korea/eom-ji-sung.webp,players/south-korea/eom-ji-sung.webp,error,HTTP 429 descargando https://upload.wikimedia.org/wikipedia/commons/7/7f/230917_FC_%EC%84%9C%EC%9A%B8_vs_%EA%B4%91%EC%A3%BC_FC_%28%EC%97%84%EC%A7%80%EC%84%B1%29.jpg?utm_source=commons.wikimedia.org&utm_campaign=imageinfo&utm_content=original
south-korea,yang-hyun-jun,Yang Hyun-jun,Q113127167,Celtic-20240722-062 (cropped).jpg,https://upload.wikimedia.org/wikipedia/commons/a/a6/Celtic-20240722-062_%28cropped%29.jpg?utm_source=commons.wikimedia.org&utm_campaign=imageinfo&utm_content=original,,Wikimedia Commons metadata review required,assets/worldcup-assets/players/south-korea/yang-hyun-jun.webp,players/south-korea/yang-hyun-jun.webp,error,HTTP 429 descargando https://upload.wikimedia.org/wikipedia/commons/a/a6/Celtic-20240722-062_%28cropped%29.jpg?utm_source=commons.wikimedia.org&utm_campaign=imageinfo&utm_content=original
south-korea,son-heung-min-captain,Son Heung-min ( captain ),,,,,,,,no_image,
south-korea,cho-gue-sung,Cho Gue-sung,,,,,,,,no_image,
south-korea,oh-hyeon-gyu,Oh Hyeon-gyu,,,,,,,,no_image,
bosnia-and-herzegovina,nikola-vasilj,Nikola Vasilj,,,,,,,,no_image,
bosnia-and-herzegovina,martin-zlomislic,Martin Zlomislić,,,,,,,,no_image,
bosnia-and-herzegovina,osman-hadzikic,Osman Hadžikić,,,,,,,,no_image,
bosnia-and-herzegovina,sead-kolasinac,Sead Kolašinac,,,,,,,,no_image,
bosnia-and-herzegovina,dennis-hadzikadunic,Dennis Hadžikadunić,,,,,,,,no_image,
bosnia-and-herzegovina,amar-dedic,Amar Dedić,,,,,,,,no_image,
bosnia-and-herzegovina,nikola-katic,Nikola Katić,,,,,,,,no_image,
bosnia-and-herzegovina,tarik-muharemovic,Tarik Muharemović,,,,,,,,no_image,
bosnia-and-herzegovina,nihad-mujakic,Nihad Mujakić,,,,,,,,no_image,
bosnia-and-herzegovina,stjepan-radeljic,Stjepan Radeljić,,,,,,,,no_image,
bosnia-and-herzegovina,nidal-celik,Nidal Čelik,,,,,,,,no_image,
bosnia-and-herzegovina,amir-hadziahmetovic,Amir Hadžiahmetović,,,,,,,,no_image,
bosnia-and-herzegovina,benjamin-tahirovic,Benjamin Tahirović,,,,,,,,no_image,
bosnia-and-herzegovina,armin-gigovic,Armin Gigović,,,,,,,,no_image,
bosnia-and-herzegovina,dzenis-burnic,Dženis Burnić,,,,,,,,no_image,
bosnia-and-herzegovina,ivan-basic,Ivan Bašić,,,,,,,,no_image,
bosnia-and-herzegovina,esmir-bajraktarevic,Esmir Bajraktarević,,,,,,,,no_image,
bosnia-and-herzegovina,amar-memic,Amar Memić,,,,,,,,no_image,
bosnia-and-herzegovina,ivan-sunjic,Ivan Šunjić,,,,,,,,no_image,
bosnia-and-herzegovina,kerim-alajbegovic,Kerim Alajbegović,,,,,,,,no_image,
bosnia-and-herzegovina,ermin-mahmic,Ermin Mahmić,,,,,,,,no_image,
bosnia-and-herzegovina,edin-dzeko-captain,Edin Džeko ( captain ),,,,,,,,no_image,
bosnia-and-herzegovina,ermedin-demirovic,Ermedin Demirović,,,,,,,,no_image,
bosnia-and-herzegovina,samed-bazdar,Samed Baždar,,,,,,,,no_image,
bosnia-and-herzegovina,haris-tabakovic,Haris Tabaković,,,,,,,,no_image,
bosnia-and-herzegovina,jovo-lukic,Jovo Lukić,,,,,,,,no_image,
qatar,meshaal-barsham,Meshaal Barsham,,,,,,,,no_image,
qatar,salah-zakaria,Salah Zakaria,,,,,,,,no_image,
qatar,mahmud-abunada,Mahmud Abunada,,,,,,,,no_image,
qatar,shehab-ellethy,Shehab Ellethy,,,,,,,,no_image,
qatar,boualem-khoukhi,Boualem Khoukhi,,,,,,,,no_image,
qatar,pedro-miguel,Pedro Miguel,,,,,,,,no_image,
qatar,tarek-salman,Tarek Salman,,,,,,,,no_image,
qatar,bassam-al-rawi,Bassam Al-Rawi,,,,,,,,no_image,
qatar,homam-ahmed,Homam Ahmed,,,,,,,,no_image,
qatar,lucas-mendes,Lucas Mendes,,,,,,,,no_image,
qatar,sultan-al-brake,Sultan Al-Brake,,,,,,,,no_image,
qatar,al-hashmi-al-hussain,Al-Hashmi Al-Hussain,,,,,,,,no_image,
qatar,ayoub-al-oui,Ayoub Al-Oui,,,,,,,,no_image,
qatar,issa-laye,Issa Laye,,,,,,,,no_image,
qatar,rayyan-al-ali,Rayyan Al-Ali,,,,,,,,no_image,
qatar,niall-mason,Niall Mason,,,,,,,,no_image,
qatar,abdulaziz-hatem,Abdulaziz Hatem,,,,,,,,no_image,
qatar,karim-boudiaf,Karim Boudiaf,,,,,,,,no_image,
qatar,assim-madibo,Assim Madibo,,,,,,,,no_image,
qatar,mohammed-waad,Mohammed Waad,,,,,,,,no_image,
qatar,ahmed-fathy,Ahmed Fathy,,,,,,,,no_image,
qatar,jassem-gaber,Jassem Gaber,,,,,,,,no_image,
qatar,mohamed-al-mannai,Mohamed Al-Mannai,,,,,,,,no_image,
qatar,tahsin-jamshid,Tahsin Jamshid,,,,,,,,no_image,
qatar,hassan-al-haydos-captain,Hassan Al-Haydos ( captain ),,,,,,,,no_image,
qatar,sebastian-soria,Sebastián Soria,,,,,,,,no_image,
qatar,akram-afif,Akram Afif,,,,,,,,no_image,
qatar,almoez-ali,Almoez Ali,,,,,,,,no_image,
qatar,mohammed-muntari,Mohammed Muntari,,,,,,,,no_image,
qatar,ahmed-alaaeldin,Ahmed Alaaeldin,,,,,,,,no_image,
qatar,yusuf-abdurisag,Yusuf Abdurisag,,,,,,,,no_image,
qatar,edmilson-junior,Edmilson Junior,,,,,,,,no_image,
qatar,ahmed-al-ganehi,Ahmed Al-Ganehi,,,,,,,,no_image,
qatar,mubarak-shanan,Mubarak Shanan,,,,,,,,no_image,
brazil,alisson,Alisson,,,,,,,,no_image,
brazil,ederson,Ederson,,,,,,,,no_image,
brazil,bento,Bento,,,,,,,,no_image,
brazil,hugo-souza,Hugo Souza,,,,,,,,no_image,
brazil,weverton,Weverton,,,,,,,,no_image,
brazil,john-victor,John Victor,,,,,,,,no_image,
brazil,thiago-silva,Thiago Silva,,,,,,,,no_image,
brazil,marquinhos,Marquinhos,,,,,,,,no_image,
brazil,danilo-luiz,Danilo Luiz,,,,,,,,no_image,
brazil,alex-sandro,Alex Sandro,,,,,,,,no_image,
brazil,gabriel-magalhaes,Gabriel Magalhães,,,,,,,,no_image,
brazil,bremer,Bremer,,,,,,,,no_image,
brazil,fabricio-bruno,Fabrício Bruno,,,,,,,,no_image,
brazil,wesley,Wesley,,,,,,,,no_image,
brazil,roger-ibanez,Roger Ibañez,,,,,,,,no_image,
brazil,douglas-santos,Douglas Santos,,,,,,,,no_image,
brazil,carlos-augusto,Carlos Augusto,,,,,,,,no_image,
brazil,alexsandro,Alexsandro,,,,,,,,no_image,
brazil,paulo-henrique,Paulo Henrique,,,,,,,,no_image,
brazil,leo-ortiz,Léo Ortiz,,,,,,,,no_image,
brazil,leo-pereira,Léo Pereira,,,,,,,,no_image,
brazil,vitinho,Vitinho,,,,,,,,no_image,
brazil,kaiki,Kaiki,,,,,,,,no_image,
brazil,luciano-juba,Luciano Juba,,,,,,,,no_image,
brazil,vitor-reis,Vitor Reis,,,,,,,,no_image,
brazil,casemiro-captain,Casemiro ( captain ),,,,,,,,no_image,
brazil,lucas-paqueta,Lucas Paquetá,,,,,,,,no_image,
brazil,bruno-guimaraes,Bruno Guimarães,,,,,,,,no_image,
brazil,fabinho,Fabinho,,,,,,,,no_image,
brazil,gerson,Gerson,,,,,,,,no_image,
brazil,andreas-pereira,Andreas Pereira,,,,,,,,no_image,
brazil,joao-gomes,João Gomes,,,,,,,,no_image,
brazil,andrey-santos,Andrey Santos,,,,,,,,no_image,
brazil,danilo-santos,Danilo Santos,,,,,,,,no_image,
brazil,matheus-pereira,Matheus Pereira,,,,,,,,no_image,
brazil,gabriel-sara,Gabriel Sara,,,,,,,,no_image,
brazil,neymar,Neymar,,,,,,,,no_image,
brazil,gabriel-jesus,Gabriel Jesus,,,,,,,,no_image,
brazil,richarlison,Richarlison,,,,,,,,no_image,
brazil,vinicius-junior,Vinícius Júnior,,,,,,,,no_image,
brazil,raphinha,Raphinha,,,,,,,,no_image,
brazil,gabriel-martinelli,Gabriel Martinelli,,,,,,,,no_image,
brazil,matheus-cunha,Matheus Cunha,,,,,,,,no_image,
brazil,antony,Antony,,,,,,,,no_image,
brazil,endrick,Endrick,,,,,,,,no_image,
brazil,luiz-henrique,Luiz Henrique,,,,,,,,no_image,
brazil,savinho,Savinho,,,,,,,,no_image,
brazil,joao-pedro,João Pedro,,,,,,,,no_image,
brazil,pedro,Pedro,,,,,,,,no_image,
brazil,igor-jesus,Igor Jesus,,,,,,,,no_image,
brazil,igor-thiago,Igor Thiago,,,,,,,,no_image,
brazil,kaio-jorge,Kaio Jorge,,,,,,,,no_image,
brazil,samuel-lino,Samuel Lino,,,,,,,,no_image,
brazil,rayan,Rayan,,,,,,,,no_image,
haiti,johny-placide-captain,Johny Placide ( captain ),,,,,,,,no_image,
haiti,alexandre-pierre,Alexandre Pierre,,,,,,,,no_image,
haiti,josue-duverger,Josué Duverger,,,,,,,,no_image,
haiti,ricardo-ade,Ricardo Adé,,,,,,,,no_image,
haiti,carlens-arcus,Carlens Arcus,,,,,,,,no_image,
haiti,martin-experience,Martin Expérience,,,,,,,,no_image,
haiti,jean-kevin-duverne,Jean-Kévin Duverne,,,,,,,,no_image,
haiti,duke-lacroix,Duke Lacroix,,,,,,,,no_image,
haiti,wilguens-paugain,Wilguens Paugain,,,,,,,,no_image,
haiti,hannes-delcroix,Hannes Delcroix,,,,,,,,no_image,
haiti,keeto-thermoncy,Keeto Thermoncy,,,,,,,,no_image,
haiti,leverton-pierre,Leverton Pierre,,,,,,,,no_image,
haiti,danley-jean-jacques,Danley Jean Jacques,,,,,,,,no_image,
haiti,carl-sainte,Carl Sainté,,,,,,,,no_image,
haiti,jean-ricner-bellegarde,Jean-Ricner Bellegarde,,,,,,,,no_image,
haiti,woodensky-pierre,Woodensky Pierre,,,,,,,,no_image,
haiti,dominique-simon,Dominique Simon,,,,,,,,no_image,
haiti,duckens-nazon,Duckens Nazon,,,,,,,,no_image,
haiti,frantzdy-pierrot,Frantzdy Pierrot,,,,,,,,no_image,
haiti,derrick-etienne-jr,Derrick Etienne Jr.,,,,,,,,no_image,
haiti,louicius-deedson,Louicius Deedson,,,,,,,,no_image,
haiti,ruben-providence,Ruben Providence,,,,,,,,no_image,
haiti,josue-casimir,Josué Casimir,,,,,,,,no_image,
haiti,yassin-fortune,Yassin Fortuné,,,,,,,,no_image,
haiti,wilson-isidor,Wilson Isidor,,,,,,,,no_image,
haiti,lenny-joseph,Lenny Joseph,,,,,,,,no_image,
paraguay,gatito-fernandez,Gatito Fernández,,,,,,,,no_image,
paraguay,carlos-coronel,Carlos Coronel,,,,,,,,no_image,
paraguay,orlando-gill,Orlando Gill,,,,,,,,no_image,
paraguay,santiago-rojas,Santiago Rojas,,,,,,,,no_image,
paraguay,juan-espinola,Juan Espínola,,,,,,,,no_image,
paraguay,gaston-olveira,Gastón Olveira,,,,,,,,no_image,
paraguay,gustavo-gomez-captain,Gustavo Gómez ( captain ),,,,,,,,no_image,
paraguay,junior-alonso,Júnior Alonso,,,,,,,,no_image,
paraguay,fabian-balbuena,Fabián Balbuena,,,,,,,,no_image,
paraguay,omar-alderete,Omar Alderete,,,,,,,,no_image,
paraguay,juan-jose-caceres,Juan José Cáceres,,,,,,,,no_image,
paraguay,blas-riveros,Blas Riveros,,,,,,,,no_image,
paraguay,gustavo-velazquez,Gustavo Velázquez,,,,,,,,no_image,
paraguay,alan-benitez,Alan Benítez,,,,,,,,no_image,
paraguay,agustin-sandez,Agustín Sández,,,,,,,,no_image,
paraguay,mateo-gamarra,Mateo Gamarra,,,,,,,,no_image,
paraguay,saul-salcedo,Saúl Salcedo,,,,,,,,no_image,
paraguay,jose-canale,José Canale,,,,,,,,no_image,
paraguay,diego-leon,Diego León,,,,,,,,no_image,
paraguay,alexandro-maidana,Alexandro Maidana,,,,,,,,no_image,
paraguay,alcides-benitez,Alcides Benítez,,,,,,,,no_image,
paraguay,ronaldo-dejesus,Ronaldo Dejesús,,,,,,,,no_image,
paraguay,alan-nunez,Alan Núñez,,,,,,,,no_image,
paraguay,miguel-almiron,Miguel Almirón,,,,,,,,no_image,
paraguay,mathias-villasanti,Mathías Villasanti,,,,,,,,no_image,
paraguay,kaku,Kaku,,,,,,,,no_image,
paraguay,andres-cubas,Andrés Cubas,,,,,,,,no_image,
paraguay,ramon-sosa,Ramón Sosa,,,,,,,,no_image,
paraguay,diego-gomez,Diego Gómez,,,,,,,,no_image,
paraguay,damian-bobadilla,Damián Bobadilla,,,,,,,,no_image,
paraguay,braian-ojeda,Braian Ojeda,,,,,,,,no_image,
paraguay,matias-galarza,Matías Galarza,,,,,,,,no_image,
paraguay,robert-piris-da-motta,Robert Piris Da Motta,,,,,,,,no_image,
paraguay,alvaro-campuzano,Álvaro Campuzano,,,,,,,,no_image,
paraguay,diego-gonzalez,Diego González,,,,,,,,no_image,
paraguay,hugo-cuenca,Hugo Cuenca,,,,,,,,no_image,
paraguay,mauricio,Maurício,,,,,,,,no_image,
paraguay,lucas-romero,Lucas Romero,,,,,,,,no_image,
paraguay,enso-gonzalez,Enso González,,,,,,,,no_image,
paraguay,ruben-lezcano,Rubén Lezcano,,,,,,,,no_image,
paraguay,oscar-romero,Óscar Romero,,,,,,,,no_image,
paraguay,angel-romero,Ángel Romero,,,,,,,,no_image,
paraguay,antonio-sanabria,Antonio Sanabria,,,,,,,,no_image,
paraguay,julio-enciso,Julio Enciso,,,,,,,,no_image,
paraguay,gabriel-avalos,Gabriel Ávalos,,,,,,,,no_image,
paraguay,carlos-gonzalez,Carlos González,,,,,,,,no_image,
paraguay,alex-arce,Álex Arce,,,,,,,,no_image,
paraguay,adam-bareiro,Adam Bareiro,,,,,,,,no_image,
paraguay,lorenzo-melgarejo,Lorenzo Melgarejo,,,,,,,,no_image,
paraguay,isidro-pitta,Isidro Pitta,,,,,,,,no_image,
paraguay,ronaldo-martinez,Ronaldo Martínez,,,,,,,,no_image,
paraguay,gustavo-caballero,Gustavo Caballero,,,,,,,,no_image,
paraguay,robert-morales,Robert Morales,,,,,,,,no_image,
paraguay,adrian-alcaraz,Adrián Alcaraz,,,,,,,,no_image,
paraguay,rodney-redes,Rodney Redes,,,,,,,,no_image,
ivory-coast,yahia-fofana,Yahia Fofana,,,,,,,,no_image,
ivory-coast,alban-lafont,Alban Lafont,,,,,,,,no_image,
ivory-coast,mohamed-kone,Mohamed Koné,,,,,,,,no_image,
ivory-coast,ghislain-konan,Ghislain Konan,,,,,,,,no_image,
ivory-coast,odilon-kossounou,Odilon Kossounou,,,,,,,,no_image,
ivory-coast,wilfried-singo,Wilfried Singo,,,,,,,,no_image,
ivory-coast,evan-ndicka,Evan Ndicka,,,,,,,,no_image,
ivory-coast,emmanuel-agbadou,Emmanuel Agbadou,,,,,,,,no_image,
ivory-coast,guela-doue,Guéla Doué,,,,,,,,no_image,
ivory-coast,ousmane-diomande,Ousmane Diomande,,,,,,,,no_image,
ivory-coast,clement-akpa,Clément Akpa,,,,,,,,no_image,
ivory-coast,franck-kessie-captain,Franck Kessié ( captain ),,,,,,,,no_image,
ivory-coast,jean-michael-seri,Jean Michaël Seri,,,,,,,,no_image,
ivory-coast,ibrahim-sangare,Ibrahim Sangaré,,,,,,,,no_image,
ivory-coast,seko-fofana,Seko Fofana,,,,,,,,no_image,
ivory-coast,christ-inao-oulai,Christ Inao Oulaï,,,,,,,,no_image,
ivory-coast,parfait-guiagon,Parfait Guiagon,,,,,,,,no_image,
ivory-coast,nicolas-pepe,Nicolas Pépé,,,,,,,,no_image,
ivory-coast,oumar-diakite,Oumar Diakité,,,,,,,,no_image,
ivory-coast,simon-adingra,Simon Adingra,,,,,,,,no_image,
ivory-coast,evann-guessand,Evann Guessand,,,,,,,,no_image,
ivory-coast,amad-diallo,Amad Diallo,,,,,,,,no_image,
ivory-coast,yan-diomande,Yan Diomande,,,,,,,,no_image,
ivory-coast,bazoumana-toure,Bazoumana Touré,,,,,,,,no_image,
ivory-coast,elye-wahi,Elye Wahi,,,,,,,,no_image,
ivory-coast,ange-yoan-bonny,Ange-Yoan Bonny,,,,,,,,no_image,
japan,zion-suzuki,Zion Suzuki,,,,,,,,no_image,
japan,keisuke-osako,Keisuke Ōsako,,,,,,,,no_image,
japan,tomoki-hayakawa,Tomoki Hayakawa,,,,,,,,no_image,
japan,yuto-nagatomo,Yūto Nagatomo,,,,,,,,no_image,
japan,takehiro-tomiyasu,Takehiro Tomiyasu,,,,,,,,no_image,
japan,ko-itakura,Kō Itakura,,,,,,,,no_image,
japan,shogo-taniguchi,Shōgo Taniguchi,,,,,,,,no_image,
japan,hiroki-ito,Hiroki Itō,,,,,,,,no_image,
japan,yukinari-sugawara,Yukinari Sugawara,,,,,,,,no_image,
japan,ayumu-seko,Ayumu Seko,,,,,,,,no_image,
japan,tsuyoshi-watanabe,Tsuyoshi Watanabe,,,,,,,,no_image,
japan,junnosuke-suzuki,Junnosuke Suzuki,,,,,,,,no_image,
japan,wataru-endo-captain,Wataru Endo ( captain ),,,,,,,,no_image,
japan,junya-ito,Junya Itō,,,,,,,,no_image,
japan,ritsu-doan,Ritsu Dōan,,,,,,,,no_image,
japan,daichi-kamada,Daichi Kamada,,,,,,,,no_image,
japan,takefusa-kubo,Takefusa Kubo,,,,,,,,no_image,
japan,ao-tanaka,Ao Tanaka,,,,,,,,no_image,
japan,keito-nakamura,Keito Nakamura,,,,,,,,no_image,
japan,kaishu-sano,Kaishū Sano,,,,,,,,no_image,
japan,ayase-ueda,Ayase Ueda,,,,,,,,no_image,
japan,daizen-maeda,Daizen Maeda,,,,,,,,no_image,
japan,koki-ogawa,Kōki Ogawa,,,,,,,,no_image,
japan,yuito-suzuki,Yuito Suzuki,,,,,,,,no_image,
japan,keisuke-goto,Keisuke Gotō,,,,,,,,no_image,
japan,kento-shiogai,Kento Shiogai,,,,,,,,no_image,
sweden,1989-06-23-june-23-1989-aged-36,"( 1989-06-23 ) June 23, 1989 (aged 36)",,,,,,,,no_image,
sweden,viktor-johansson,Viktor Johansson,,,,,,,,no_image,
sweden,jacob-widell-zetterstrom,Jacob Widell Zetterström,,,,,,,,no_image,
sweden,victor-lindelof-captain,Victor Lindelöf ( captain ),,,,,,,,no_image,
sweden,isak-hien,Isak Hien,,,,,,,,no_image,
sweden,gabriel-gudmundsson,Gabriel Gudmundsson,,,,,,,,no_image,
sweden,carl-starfelt,Carl Starfelt,,,,,,,,no_image,
sweden,emil-holm,Emil Holm,,,,,,,,no_image,
sweden,hjalmar-ekdal,Hjalmar Ekdal,,,,,,,,no_image,
sweden,daniel-svensson,Daniel Svensson,,,,,,,,no_image,
sweden,gustaf-lagerbielke,Gustaf Lagerbielke,,,,,,,,no_image,
sweden,eric-smith,Eric Smith,,,,,,,,no_image,
sweden,elliot-stroud,Elliot Stroud,,,,,,,,no_image,
sweden,mattias-svanberg,Mattias Svanberg,,,,,,,,no_image,
sweden,jesper-karlstrom,Jesper Karlström,,,,,,,,no_image,
sweden,yasin-ayari,Yasin Ayari,,,,,,,,no_image,
sweden,lucas-bergvall,Lucas Bergvall,,,,,,,,no_image,
sweden,besfort-zeneli,Besfort Zeneli,,,,,,,,no_image,
sweden,alexander-isak,Alexander Isak,,,,,,,,no_image,
sweden,viktor-gyokeres,Viktor Gyökeres,,,,,,,,no_image,
sweden,ken-sema,Ken Sema,,,,,,,,no_image,
sweden,anthony-elanga,Anthony Elanga,,,,,,,,no_image,
sweden,benjamin-nygren,Benjamin Nygren,,,,,,,,no_image,
sweden,alexander-bernhardsson,Alexander Bernhardsson,,,,,,,,no_image,
sweden,gustaf-nilsson,Gustaf Nilsson,,,,,,,,no_image,
sweden,taha-ali,Taha Ali,,,,,,,,no_image,
tunisia,aymen-dahmen,Aymen Dahmen,,,,,,,,no_image,
tunisia,sabri-ben-hessen,Sabri Ben Hessen,,,,,,,,no_image,
tunisia,mouhib-chamakh,Mouhib Chamakh,,,,,,,,no_image,
tunisia,montassar-talbi,Montassar Talbi,,,,,,,,no_image,
tunisia,dylan-bronn,Dylan Bronn,,,,,,,,no_image,
tunisia,ali-abdi,Ali Abdi,,,,,,,,no_image,
tunisia,yan-valery,Yan Valery,,,,,,,,no_image,
tunisia,mohamed-amine-ben-hamida,Mohamed Amine Ben Hamida,,,,,,,,no_image,
tunisia,moutaz-neffati,Moutaz Neffati,,,,,,,,no_image,
tunisia,omar-rekik,Omar Rekik,,,,,,,,no_image,
tunisia,adem-arous,Adem Arous,,,,,,,,no_image,
tunisia,raed-chikhaoui,Raed Chikhaoui,,,,,,,,no_image,
tunisia,ellyes-skhiri-captain,Ellyes Skhiri ( captain ),,,,,,,,no_image,
tunisia,hannibal-mejbri,Hannibal Mejbri,,,,,,,,no_image,
tunisia,anis-ben-slimane,Anis Ben Slimane,,,,,,,,no_image,
tunisia,mortadha-ben-ouanes,Mortadha Ben Ouanes,,,,,,,,no_image,
tunisia,ismael-gharbi,Ismaël Gharbi,,,,,,,,no_image,
tunisia,hadj-mahmoud,Hadj Mahmoud,,,,,,,,no_image,
tunisia,rani-khedira,Rani Khedira,,,,,,,,no_image,
tunisia,elias-achouri,Elias Achouri,,,,,,,,no_image,
tunisia,firas-chaouat,Firas Chaouat,,,,,,,,no_image,
tunisia,hazem-mastouri,Hazem Mastouri,,,,,,,,no_image,
tunisia,elias-saad,Elias Saad,,,,,,,,no_image,
tunisia,sebastian-tounekti,Sebastian Tounekti,,,,,,,,no_image,
tunisia,khalil-ayari,Khalil Ayari,,,,,,,,no_image,
tunisia,rayan-elloumi,Rayan Elloumi,,,,,,,,no_image,
belgium,thibaut-courtois,Thibaut Courtois,,,,,,,,no_image,
belgium,senne-lammens,Senne Lammens,,,,,,,,no_image,
belgium,mike-penders,Mike Penders,,,,,,,,no_image,
belgium,thomas-meunier,Thomas Meunier,,,,,,,,no_image,
belgium,timothy-castagne,Timothy Castagne,,,,,,,,no_image,
belgium,arthur-theate,Arthur Theate,,,,,,,,no_image,
belgium,zeno-debast,Zeno Debast,,,,,,,,no_image,
belgium,maxim-de-cuyper,Maxim De Cuyper,,,,,,,,no_image,
belgium,brandon-mechele,Brandon Mechele,,,,,,,,no_image,
belgium,koni-de-winter,Koni De Winter,,,,,,,,no_image,
belgium,joaquin-seys,Joaquin Seys,,,,,,,,no_image,
belgium,nathan-ngoy,Nathan Ngoy,,,,,,,,no_image,
belgium,axel-witsel,Axel Witsel,,,,,,,,no_image,
belgium,kevin-de-bruyne,Kevin De Bruyne,,,,,,,,no_image,
belgium,youri-tielemans-captain,Youri Tielemans ( captain ),,,,,,,,no_image,
belgium,hans-vanaken,Hans Vanaken,,,,,,,,no_image,
belgium,amadou-onana,Amadou Onana,,,,,,,,no_image,
belgium,nicolas-raskin,Nicolas Raskin,,,,,,,,no_image,
belgium,romelu-lukaku,Romelu Lukaku,,,,,,,,no_image,
belgium,leandro-trossard,Leandro Trossard,,,,,,,,no_image,
belgium,jeremy-doku,Jérémy Doku,,,,,,,,no_image,
belgium,dodi-lukebakio,Dodi Lukébakio,,,,,,,,no_image,
belgium,charles-de-ketelaere,Charles De Ketelaere,,,,,,,,no_image,
belgium,alexis-saelemaekers,Alexis Saelemaekers,,,,,,,,no_image,
belgium,diego-moreira,Diego Moreira,,,,,,,,no_image,
belgium,matias-fernandez-pardo,Matias Fernandez-Pardo,,,,,,,,no_image,
new-zealand,max-crocombe,Max Crocombe,,,,,,,,no_image,
new-zealand,tim-payne,Tim Payne,,,,,,,,no_image,
new-zealand,francis-de-vries,Francis de Vries,,,,,,,,no_image,
new-zealand,tyler-bindon,Tyler Bindon,,,,,,,,no_image,
new-zealand,michael-boxall,Michael Boxall,,,,,,,,no_image,
new-zealand,joe-bell,Joe Bell,,,,,,,,no_image,
new-zealand,matthew-garbett,Matthew Garbett,,,,,,,,no_image,
new-zealand,marko-stamenic,Marko Stamenić,,,,,,,,no_image,
new-zealand,chris-wood-captain,Chris Wood ( captain ),,,,,,,,no_image,
new-zealand,sarpreet-singh,Sarpreet Singh,,,,,,,,no_image,
new-zealand,elijah-just,Elijah Just,,,,,,,,no_image,
new-zealand,alex-paulsen,Alex Paulsen,,,,,,,,no_image,
new-zealand,liberato-cacace,Liberato Cacace,,,,,,,,no_image,
new-zealand,alex-rufer,Alex Rufer,,,,,,,,no_image,
new-zealand,nando-pijnaker,Nando Pijnaker,,,,,,,,no_image,
new-zealand,finn-surman,Finn Surman,,,,,,,,no_image,
new-zealand,kosta-barbarouses,Kosta Barbarouses,,,,,,,,no_image,
new-zealand,ben-waine,Ben Waine,,,,,,,,no_image,
new-zealand,ben-old,Ben Old,,,,,,,,no_image,
new-zealand,callum-mccowatt,Callum McCowatt,,,,,,,,no_image,
new-zealand,jesse-randall,Jesse Randall,,,,,,,,no_image,
new-zealand,michael-woud,Michael Woud,,,,,,,,no_image,
new-zealand,ryan-thomas,Ryan Thomas,,,,,,,,no_image,
new-zealand,callan-elliot,Callan Elliot,,,,,,,,no_image,
new-zealand,lachlan-bayliss,Lachlan Bayliss,,,,,,,,no_image,
new-zealand,tommy-smith,Tommy Smith,,,,,,,,no_image,
france,mike-maignan,Mike Maignan,,,,,,,,no_image,
france,brice-samba,Brice Samba,,,,,,,,no_image,
france,robin-risser,Robin Risser,,,,,,,,no_image,
france,lucas-digne,Lucas Digne,,,,,,,,no_image,
france,jules-kounde,Jules Koundé,,,,,,,,no_image,
france,theo-hernandez,Théo Hernandez,,,,,,,,no_image,
france,lucas-hernandez,Lucas Hernandez,,,,,,,,no_image,
france,dayot-upamecano,Dayot Upamecano,,,,,,,,no_image,
france,william-saliba,William Saliba,,,,,,,,no_image,
france,ibrahima-konate,Ibrahima Konaté,,,,,,,,no_image,
france,malo-gusto,Malo Gusto,,,,,,,,no_image,
france,maxence-lacroix,Maxence Lacroix,,,,,,,,no_image,
france,n-golo-kante,N'Golo Kanté,,,,,,,,no_image,
france,adrien-rabiot,Adrien Rabiot,,,,,,,,no_image,
france,aurelien-tchouameni,Aurélien Tchouaméni,,,,,,,,no_image,
france,manu-kone,Manu Koné,,,,,,,,no_image,
france,warren-zaire-emery,Warren Zaïre-Emery,,,,,,,,no_image,
france,kylian-mbappe-captain,Kylian Mbappé ( captain ),,,,,,,,no_image,
france,ousmane-dembele,Ousmane Dembélé,,,,,,,,no_image,
france,marcus-thuram,Marcus Thuram,,,,,,,,no_image,
france,bradley-barcola,Bradley Barcola,,,,,,,,no_image,
france,michael-olise,Michael Olise,,,,,,,,no_image,
france,maghnes-akliouche,Maghnes Akliouche,,,,,,,,no_image,
france,desire-doue,Désiré Doué,,,,,,,,no_image,
france,rayan-cherki,Rayan Cherki,,,,,,,,no_image,
france,jean-philippe-mateta,Jean-Philippe Mateta,,,,,,,,no_image,
argentina,emiliano-martinez,Emiliano Martínez,,,,,,,,no_image,
argentina,geronimo-rulli,Gerónimo Rulli,,,,,,,,no_image,
argentina,juan-musso,Juan Musso,,,,,,,,no_image,
argentina,walter-benitez,Walter Benítez,,,,,,,,no_image,
argentina,facundo-cambeses,Facundo Cambeses,,,,,,,,no_image,
argentina,santiago-beltran,Santiago Beltrán,,,,,,,,no_image,
argentina,nicolas-otamendi,Nicolás Otamendi,,,,,,,,no_image,
argentina,nicolas-tagliafico,Nicolás Tagliafico,,,,,,,,no_image,
argentina,marcos-acuna,Marcos Acuña,,,,,,,,no_image,
argentina,nahuel-molina,Nahuel Molina,,,,,,,,no_image,
argentina,cristian-romero,Cristian Romero,,,,,,,,no_image,
argentina,german-pezzella,Germán Pezzella,,,,,,,,no_image,
argentina,gonzalo-montiel,Gonzalo Montiel,,,,,,,,no_image,
argentina,lisandro-martinez,Lisandro Martínez,,,,,,,,no_image,
argentina,lucas-martinez-quarta,Lucas Martínez Quarta,,,,,,,,no_image,
argentina,leonardo-balerdi,Leonardo Balerdi,,,,,,,,no_image,
argentina,facundo-medina,Facundo Medina,,,,,,,,no_image,
argentina,marcos-senesi,Marcos Senesi,,,,,,,,no_image,
argentina,agustin-giay,Agustín Giay,,,,,,,,no_image,
argentina,kevin-mac-allister,Kevin Mac Allister,,,,,,,,no_image,
argentina,gabriel-rojas,Gabriel Rojas,,,,,,,,no_image,
argentina,nicolas-capaldo,Nicolás Capaldo,,,,,,,,no_image,
argentina,lautaro-di-lollo,Lautaro Di Lollo,,,,,,,,no_image,
argentina,zaid-romero,Zaid Romero,,,,,,,,no_image,
argentina,rodrigo-de-paul,Rodrigo De Paul,,,,,,,,no_image,
argentina,leandro-paredes,Leandro Paredes,,,,,,,,no_image,
argentina,giovani-lo-celso,Giovani Lo Celso,,,,,,,,no_image,
argentina,alexis-mac-allister,Alexis Mac Allister,,,,,,,,no_image,
argentina,enzo-fernandez,Enzo Fernández,,,,,,,,no_image,
argentina,exequiel-palacios,Exequiel Palacios,,,,,,,,no_image,
argentina,guido-rodriguez,Guido Rodríguez,,,,,,,,no_image,
argentina,thiago-almada,Thiago Almada,,,,,,,,no_image,
argentina,nicolas-dominguez,Nicolás Domínguez,,,,,,,,no_image,
argentina,giuliano-simeone,Giuliano Simeone,,,,,,,,no_image,
argentina,nico-paz,Nico Paz,,,,,,,,no_image,
argentina,valentin-barco,Valentín Barco,,,,,,,,no_image,
argentina,emiliano-buendia,Emiliano Buendía,,,,,,,,no_image,
argentina,maximo-perrone,Máximo Perrone,,,,,,,,no_image,
argentina,anibal-moreno,Aníbal Moreno,,,,,,,,no_image,
argentina,milton-delgado,Milton Delgado,,,,,,,,no_image,
argentina,equi-fernandez,Equi Fernández,,,,,,,,no_image,
argentina,alan-varela,Alan Varela,,,,,,,,no_image,
argentina,lionel-messi-captain,Lionel Messi ( captain ),,,,,,,,no_image,
argentina,lautaro-martinez,Lautaro Martínez,,,,,,,,no_image,
argentina,julian-alvarez,Julián Alvarez,,,,,,,,no_image,
argentina,nicolas-gonzalez,Nicolás González,,,,,,,,no_image,
argentina,alejandro-garnacho,Alejandro Garnacho,,,,,,,,no_image,
argentina,franco-mastantuono,Franco Mastantuono,,,,,,,,no_image,
argentina,jose-manuel-lopez,José Manuel López,,,,,,,,no_image,
argentina,gianluca-prestianni,Gianluca Prestianni,,,,,,,,no_image,
argentina,tomas-aranda,Tomás Aranda,,,,,,,,no_image,
argentina,santiago-castro,Santiago Castro,,,,,,,,no_image,
argentina,claudio-echeverri,Claudio Echeverri,,,,,,,,no_image,
argentina,mateo-pellegrino,Mateo Pellegrino,,,,,,,,no_image,
argentina,matias-soule,Matías Soulé,,,,,,,,no_image,
argentina,david-ospina,David Ospina,,,,,,,,no_image,
argentina,camilo-vargas,Camilo Vargas,,,,,,,,no_image,
argentina,alvaro-montero,Álvaro Montero,,,,,,,,no_image,
argentina,kevin-mier,Kevin Mier,,,,,,,,no_image,
argentina,andres-mosquera,Andrés Mosquera,,,,,,,,no_image,
argentina,aldair-quintana,Aldair Quintana,,,,,,,,no_image,
argentina,davinson-sanchez,Davinson Sánchez,,,,,,,,no_image,
argentina,santiago-arias,Santiago Arias,,,,,,,,no_image,
argentina,yerry-mina,Yerry Mina,,,,,,,,no_image,
argentina,daniel-munoz,Daniel Muñoz,,,,,,,,no_image,
argentina,johan-mojica,Johan Mojica,,,,,,,,no_image,
argentina,jhon-lucumi,Jhon Lucumí,,,,,,,,no_image,
argentina,carlos-cuesta,Carlos Cuesta,,,,,,,,no_image,
argentina,deiver-machado,Deiver Machado,,,,,,,,no_image,
argentina,cristian-borja,Cristian Borja,,,,,,,,no_image,
argentina,yerson-mosquera,Yerson Mosquera,,,,,,,,no_image,
argentina,alvaro-angulo,Álvaro Angulo,,,,,,,,no_image,
argentina,juan-cabal,Juan Cabal,,,,,,,,no_image,
argentina,willer-ditta,Willer Ditta,,,,,,,,no_image,
argentina,andres-roman,Andrés Román,,,,,,,,no_image,
argentina,junior-hernandez-91-es-93,Junior Hernández &#91; es &#93;,,,,,,,,no_image,
argentina,edier-ocampo,Édier Ocampo,,,,,,,,no_image,
argentina,jhohan-romana,Jhohan Romaña,,,,,,,,no_image,
argentina,james-rodriguez-captain,James Rodríguez ( captain ),,,,,,,,no_image,
argentina,juan-cuadrado,Juan Cuadrado,,,,,,,,no_image,
argentina,jefferson-lerma,Jefferson Lerma,,,,,,,,no_image,
argentina,wilmar-barrios,Wilmar Barrios,,,,,,,,no_image,
argentina,juan-fernando-quintero,Juan Fernando Quintero,,,,,,,,no_image,
argentina,jhon-arias,Jhon Arias,,,,,,,,no_image,
argentina,richard-rios,Richard Ríos,,,,,,,,no_image,
argentina,kevin-castano,Kevin Castaño,,,,,,,,no_image,
argentina,jorge-carrascal,Jorge Carrascal,,,,,,,,no_image,
argentina,yaser-asprilla,Yáser Asprilla,,,,,,,,no_image,
argentina,jaminton-campaz,Jaminton Campaz,,,,,,,,no_image,
argentina,juan-portilla,Juan Portilla,,,,,,,,no_image,
argentina,gustavo-puerta,Gustavo Puerta,,,,,,,,no_image,
argentina,sebastian-gomez,Sebastián Gómez,,,,,,,,no_image,
argentina,jordan-barrera,Jordan Barrera,,,,,,,,no_image,
argentina,nelson-deossa,Nelson Deossa,,,,,,,,no_image,
argentina,juan-manuel-rengifo-91-es-93,Juan Manuel Rengifo &#91; es &#93;,,,,,,,,no_image,
argentina,johan-rojas,Johan Rojas,,,,,,,,no_image,
argentina,jhon-solis,Jhon Solís,,,,,,,,no_image,
argentina,luis-diaz,Luis Díaz,,,,,,,,no_image,
argentina,rafael-santos-borre,Rafael Santos Borré,,,,,,,,no_image,
argentina,jhon-cordoba,Jhon Córdoba,,,,,,,,no_image,
argentina,jhon-duran,Jhon Durán,,,,,,,,no_image,
argentina,luis-suarez,Luis Suárez,,,,,,,,no_image,
argentina,cucho-hernandez,Cucho Hernández,,,,,,,,no_image,
argentina,andres-gomez,Andrés Gómez,,,,,,,,no_image,
argentina,sebastian-villa,Sebastián Villa,,,,,,,,no_image,
argentina,johan-carbonero,Johan Carbonero,,,,,,,,no_image,
argentina,stiven-mendoza,Stiven Mendoza,,,,,,,,no_image,
argentina,edwuin-cetre,Edwuin Cetré,,,,,,,,no_image,
argentina,neiser-villarreal,Néiser Villarreal,,,,,,,,no_image,
argentina,kevin-viveros,Kevin Viveros,,,,,,,,no_image,
uzbekistan,utkir-yusupov,Utkir Yusupov,,,,,,,,no_image,
uzbekistan,abduvohid-nematov,Abduvohid Nematov,,,,,,,,no_image,
uzbekistan,botirali-ergashev,Botirali Ergashev,,,,,,,,no_image,
uzbekistan,vladimir-nazarov,Vladimir Nazarov,,,,,,,,no_image,
uzbekistan,rustam-ashurmatov,Rustam Ashurmatov,,,,,,,,no_image,
uzbekistan,farrukh-sayfiev,Farrukh Sayfiev,,,,,,,,no_image,
uzbekistan,khojiakbar-alijonov,Khojiakbar Alijonov,,,,,,,,no_image,
uzbekistan,sherzod-nasrullaev,Sherzod Nasrullaev,,,,,,,,no_image,
uzbekistan,umar-eshmurodov,Umar Eshmurodov,,,,,,,,no_image,
uzbekistan,abdukodir-khusanov,Abdukodir Khusanov,,,,,,,,no_image,
uzbekistan,ibrokhimkhalil-yuldoshev,Ibrokhimkhalil Yuldoshev,,,,,,,,no_image,
uzbekistan,abdulla-abdullaev,Abdulla Abdullaev,,,,,,,,no_image,
uzbekistan,bekhruz-karimov,Bekhruz Karimov,,,,,,,,no_image,
uzbekistan,mukhammadkodir-khamraliev,Mukhammadkodir Khamraliev,,,,,,,,no_image,
uzbekistan,jakhongir-urozov,Jakhongir Urozov,,,,,,,,no_image,
uzbekistan,mukhammadrasul-abdumazhidov,Mukhammadrasul Abdumazhidov,,,,,,,,no_image,
uzbekistan,diyor-ortikboev,Diyor Ortikboev,,,,,,,,no_image,
uzbekistan,avazbek-ulmasaliev,Avazbek Ulmasaliev,,,,,,,,no_image,
uzbekistan,otabek-shukurov,Otabek Shukurov,,,,,,,,no_image,
uzbekistan,jaloliddin-masharipov,Jaloliddin Masharipov,,,,,,,,no_image,
uzbekistan,odiljon-hamrobekov,Odiljon Hamrobekov,,,,,,,,no_image,
uzbekistan,oston-urunov,Oston Urunov,,,,,,,,no_image,
uzbekistan,jamshid-iskanderov,Jamshid Iskanderov,,,,,,,,no_image,
uzbekistan,dostonbek-khamdamov,Dostonbek Khamdamov,,,,,,,,no_image,
uzbekistan,abbosbek-fayzullaev,Abbosbek Fayzullaev,,,,,,,,no_image,
uzbekistan,akmal-mozgovoy,Akmal Mozgovoy,,,,,,,,no_image,
uzbekistan,azizjon-ganiev,Azizjon Ganiev,,,,,,,,no_image,
uzbekistan,azizbek-amonov,Azizbek Amonov,,,,,,,,no_image,
uzbekistan,kuvondik-ruziev,Kuvondik Ruziev,,,,,,,,no_image,
uzbekistan,ruslanbek-jiyanov,Ruslanbek Jiyanov,,,,,,,,no_image,
uzbekistan,alisher-odilov,Alisher Odilov,,,,,,,,no_image,
uzbekistan,khusayin-norchaev,Khusayin Norchaev,,,,,,,,no_image,
uzbekistan,jasurbek-jaloliddinov,Jasurbek Jaloliddinov,,,,,,,,no_image,
uzbekistan,umarali-rakhmonaliev,Umarali Rakhmonaliev,,,,,,,,no_image,
uzbekistan,nodirbek-abdurazzokov,Nodirbek Abdurazzokov,,,,,,,,no_image,
uzbekistan,sardorbek-bakhromov,Sardorbek Bakhromov,,,,,,,,no_image,
uzbekistan,sherzod-esanov,Sherzod Esanov,,,,,,,,no_image,
uzbekistan,eldor-shomurodov-captain,Eldor Shomurodov ( captain ),,,,,,,,no_image,
uzbekistan,igor-sergeev,Igor Sergeev,,,,,,,,no_image,
uzbekistan,sherzod-temirov,Sherzod Temirov,,,,,,,,no_image,
mexico,stages,Stages,,,,,,,,no_image,
mexico,general-information,General information,,,,,,,,no_image,
mexico,official-symbols,Official symbols,,,,,,,,no_image,
mexico,tournaments,Tournaments,,,,,,,,no_image,
mexico,qualification,Qualification,,,,,,,,no_image,
mexico,finals,Finals,,,,,,,,no_image,
mexico,squads,Squads,,,,,,,,no_image,
mexico,final-draw,Final draw,,,,,,,,no_image,
mexico,broadcasters,Broadcasters,,,,,,,,no_image,
mexico,bids,Bids,,,,,,,,no_image,
mexico,officials,Officials,,,,,,,,no_image,
mexico,team-appearances,Team appearances,,,,,,,,no_image,
mexico,miscellaneous,Miscellaneous,,,,,,,,no_image,
